PCR KASU POSITIBO BERRIEN BANAKETA SEXU ETA ADIN-TARTEKA / DISTRIBUCIÓN DE LOS NUEVOS CASOS PCR POSITIVOS SEGÚN SEXO Y GRUPOS DE EDAD;
Data / Fecha;Gizonak / Hombres;Emakumeak / Mujeres;0-9;10-19;20-29;30-39;40-49;50-59;60-69;70-79;80-89;Más de 90 edo gehiago;Ezezaguna / Desconocido;0-2;3-5;6-12;13-16;17-18;
2020/03/01;1;;;;;;;;;1;;;;;;;;;
2020/03/02;1;2;;;1;;;1;;;1;;;;;;;;
2020/03/03;4;;;;;;1;;3;;;;;;;;;;
2020/03/04;1;3;;;;1;;;;1;2;;;;;;;;
2020/03/05;5;14;;;;4;5;6;1;2;;1;;;;;;;
2020/03/06;12;14;;1;3;3;4;10;3;1;1;;;;;;;;
2020/03/07;19;15;;;4;;6;5;5;5;4;5;;;;;;;
2020/03/08;17;29;1;2;4;3;2;6;5;6;12;5;;1;;;2;;
2020/03/09;23;24;;1;;7;8;6;10;6;9;;;;;;1;;
2020/03/10;32;41;5;8;6;9;8;4;12;10;9;2;;3;;4;3;2;
2020/03/11;41;32;;2;7;4;12;11;11;12;9;5;;;;;1;1;
2020/03/12;37;47;1;3;6;9;16;9;15;15;9;1;;1;;1;1;;
2020/03/13;56;47;;2;11;14;12;14;10;20;15;5;;;;;1;1;
2020/03/14;62;40;1;3;7;10;23;20;12;11;11;4;;;;1;;1;
2020/03/15;56;44;4;2;3;9;21;12;15;19;10;5;;1;1;2;;;
2020/03/16;54;47;;1;4;11;14;14;21;9;20;7;;;;;;1;
2020/03/17;96;94;1;;5;15;21;43;31;44;24;6;;;1;;;;
2020/03/18;98;124;;;12;24;26;48;43;33;29;7;;;;;;;
2020/03/19;130;131;;2;14;18;37;52;51;40;30;17;;;;1;;;
2020/03/20;162;155;;4;11;43;33;61;61;51;41;12;;;;;;4;
2020/03/21;159;151;1;;7;32;46;53;62;60;36;13;;;1;;;;
2020/03/22;134;171;1;1;21;30;49;69;49;36;36;12;1;1;;1;;;
2020/03/23;148;184;1;;16;30;61;68;58;48;37;12;1;1;;;;;
2020/03/24;266;298;1;1;19;43;73;102;113;111;73;28;;;;1;;;
2020/03/25;306;404;2;1;28;68;120;156;123;98;82;31;1;;;2;1;;
2020/03/26;285;324;;;26;58;106;134;99;93;62;30;1;;;;;;
2020/03/27;238;252;;1;21;46;75;92;82;85;62;24;2;;;;;1;
2020/03/28;279;280;;2;24;45;83;99;92;95;80;39;;;;;1;;
2020/03/29;108;132;;1;14;15;29;39;45;47;33;17;;;;1;;;
2020/03/30;139;175;;2;9;29;45;78;52;42;46;11;;;;;2;;
2020/03/31;239;317;;1;29;51;83;111;93;74;71;42;1;;;;;;
2020/04/01;198;275;;2;10;28;57;77;66;70;102;61;;;;1;1;;
2020/04/02;193;287;;1;30;50;70;83;53;60;78;55;;;;;;;
2020/04/03;138;266;1;1;9;28;65;73;41;45;81;57;3;;;2;;;
2020/04/04;111;181;;;9;24;35;47;30;34;64;43;6;;;;;;
2020/04/05;63;127;;;9;12;12;16;18;15;66;33;9;;;;;;
2020/04/06;95;133;;3;16;21;27;29;28;21;46;36;1;;;2;1;;
2020/04/07;141;272;;5;16;33;57;79;49;40;74;59;1;;;1;4;;
2020/04/08;102;208;;4;16;28;31;49;29;33;75;45;;;;;2;1;
2020/04/09;85;192;;3;14;23;36;48;30;32;46;44;1;;;;1;1;
2020/04/10;86;194;;4;12;22;35;37;20;41;66;42;1;;;;3;;
2020/04/11;57;92;1;2;4;9;19;14;9;21;40;30;;1;;;;1;
2020/04/12;46;110;1;1;7;8;15;12;11;12;45;27;17;1;;;;1;
2020/04/13;50;123;;;15;20;26;29;15;14;32;21;1;;;;;;
2020/04/14;44;146;1;;17;20;18;29;18;18;42;27;;;1;;;;
2020/04/15;63;129;;1;19;18;40;36;12;8;30;28;;;;;;1;
2020/04/16;57;152;;5;15;24;31;34;17;15;40;28;;;;;3;2;
2020/04/17;36;88;2;;10;14;18;21;15;15;16;13;;;1;1;;;
2020/04/18;37;110;;;10;16;21;26;15;11;26;22;;;;;;;
2020/04/19;18;39;;;9;5;10;15;2;5;9;2;;;;;;;
2020/04/20;18;43;;1;5;;8;20;6;4;11;6;;;;;;;
2020/04/21;31;97;;;17;17;20;26;13;9;12;14;;;;;;;
2020/04/22;38;68;;;11;14;22;21;9;7;12;10;;;;;;;
2020/04/23;49;98;1;;9;21;16;22;12;13;25;23;5;1;;;;;
2020/04/24;51;88;;;7;13;12;19;12;15;38;21;2;;;;;;
2020/04/25;29;34;1;1;5;8;9;10;7;5;14;3;;;;1;1;;
2020/04/26;8;37;;;2;4;3;4;1;4;22;5;;;;;;;
2020/04/27;17;42;;1;4;11;10;17;3;2;10;1;;;;;;;
2020/04/28;19;36;;;8;5;5;17;3;4;8;5;;;;;;;
2020/04/29;33;54;;2;6;15;11;14;11;7;11;9;1;;;;1;1;
2020/04/30;37;89;1;3;12;9;14;16;11;9;26;25;;;1;;1;;
2020/05/01;11;36;1;;4;4;9;7;4;1;9;8;;;;1;;;
2020/05/02;12;32;;1;;3;;2;7;5;15;11;;;;;1;;
2020/05/03;6;5;;;1;1;2;;1;1;3;2;;;;;;;
2020/05/04;9;21;1;1;4;3;6;5;3;4;1;2;;1;;;;;
2020/05/05;9;20;;1;2;5;4;5;6;2;4;;;;;;1;;
2020/05/06;12;17;;;1;4;5;5;;3;6;5;;;;;;;
2020/05/07;14;34;;2;1;4;9;12;5;4;10;1;;;;1;1;;
2020/05/08;19;35;2;6;11;2;10;10;7;3;2;1;;;;2;5;1;
2020/05/09;7;25;;;2;2;6;8;4;1;4;5;;;;;;;
2020/05/10;6;3;;;1;1;;1;2;2;2;;;;;;;;
2020/05/11;4;19;1;;1;3;5;6;1;2;3;1;;1;;;;;
2020/05/12;15;13;;1;;5;10;4;4;3;1;;;;;;1;;
2020/05/13;17;22;;1;4;2;8;11;6;5;1;1;;;;1;;;
2020/05/14;11;18;1;1;;5;8;7;5;1;;1;;1;;;;;
2020/05/15;11;4;;;1;2;6;5;1;;;;;;;;;;
2020/05/16;5;10;;1;;;4;2;2;1;3;2;;;;;1;;
2020/05/17;3;3;;;1;;2;1;2;;;;;;;;;;
2020/05/18;4;11;1;1;1;1;2;3;1;3;;1;1;1;;;1;;
2020/05/19;11;14;4;1;2;1;2;6;2;3;2;2;;1;1;2;1;;
2020/05/20;1;8;;;;1;;2;;3;2;1;;;;;;;
2020/05/21;6;6;1;;3;1;3;2;1;1;;;;1;;;;;
2020/05/22;2;10;;1;;3;2;2;4;;;;;;;;1;;
2020/05/23;4;5;1;1;;;2;2;1;;2;;;1;;1;;;
2020/05/24;;2;;1;;;;1;;;;;;;;1;;;
2020/05/25;2;3;;1;1;;1;;;;2;;;;;1;;;
2020/05/26;7;5;;;2;;1;5;1;3;;;;;;;;;
2020/05/27;1;3;;;;1;;;;1;;;2;;;;;;
2020/05/28;2;5;;1;1;;1;4;;;;;;;;;;1;
2020/05/29;1;6;1;;;3;;;2;;1;;;;;1;;;
2020/05/30;;4;1;;;;1;;;;2;;;;;1;;;
2020/05/31;;;;;;;;;;;;;;;;;;;
2020/06/01;;4;;;;1;;3;;;;;;;;;;;
2020/06/02;2;4;;;;1;2;;1;;1;;1;;;;;;
2020/06/03;2;3;;;1;1;;1;;1;1;;;;;;;;
2020/06/04;3;2;;;;1;1;1;;2;;;;;;;;;
2020/06/05;1;3;;;;1;2;1;;;;;;;;;;;
2020/06/06;2;5;;;;2;1;;;2;;;2;;;;;;
2020/06/07;6;2;1;;;;2;;2;2;1;;;;;1;;;
2020/06/08;6;10;;;3;3;2;2;2;1;1;2;;;;;;;
2020/06/09;11;8;;;2;1;4;2;4;2;2;1;1;;;;;;
2020/06/10;3;10;1;;3;;1;3;1;1;2;1;;1;;;;;
2020/06/11;1;7;;;1;1;;1;2;1;2;;;;;;;;
2020/06/12;6;15;;;3;5;5;4;2;;1;1;;;;;;;
2020/06/13;3;6;;;1;2;;3;;3;;;;;;;;;
2020/06/14;3;5;1;;1;1;1;;1;3;;;;1;;;;;
2020/06/15;6;7;;1;;;5;5;1;1;;;;;;1;;;
2020/06/16;3;5;;;;1;1;1;1;2;2;;;;;;;;
2020/06/17;4;6;;1;3;1;1;2;;1;1;;;;;;1;;
2020/06/18;8;5;;;2;1;2;2;1;3;2;;;;;;;;
2020/06/19;8;9;;;2;3;2;2;;3;4;1;;;;;;;
2020/06/20;7;3;2;;;1;3;1;1;;;;2;2;;;;;
2020/06/21;4;3;1;;1;;2;1;1;;1;;;;;1;;;
2020/06/22;4;3;2;1;1;2;1;;;;;;;2;;;;1;
2020/06/23;3;5;;2;2;1;2;;;;;1;;;;;1;1;
2020/06/24;11;5;;2;4;4;4;2;;;;;;;;;1;;
2020/06/25;3;6;2;1;;;3;2;1;;;;;;1;1;1;;
2020/06/26;2;4;2;1;1;;2;;;;;;;1;;1;;1;
2020/06/27;;3;;;1;1;;;;1;;;;;;;;;
2020/06/28;1;3;1;;;2;;1;;;;;;;;1;;;
2020/06/29;3;2;;;1;2;;2;;;;;;;;;;;
2020/06/30;9;6;1;1;5;1;;3;;;3;1;;1;;;;1;
2020/07/01;1;4;2;;1;1;1;;;;;;;1;1;;;;
2020/07/02;6;5;;;4;2;;3;1;1;;;;;;;;;
2020/07/03;8;6;3;;1;3;4;2;;1;;;;2;1;;;;
2020/07/04;8;5;;3;1;2;3;;1;;1;2;;;;;2;1;
2020/07/05;6;3;1;;4;;;1;;1;2;;;1;;;;;
2020/07/06;8;7;1;2;2;4;5;;1;;;;;;;1;2;;
2020/07/07;23;7;;3;7;7;5;4;3;1;;;;;;1;;1;
2020/07/08;20;10;1;1;8;7;7;2;3;1;;;;;;1;1;;
2020/07/09;14;17;;4;3;10;8;4;2;;;;;;;;2;1;
2020/07/10;18;13;3;4;6;5;4;5;4;;;;;1;;2;;4;
2020/07/11;17;11;1;1;10;3;11;;1;1;;;;;1;;;1;
2020/07/12;17;10;6;2;3;6;4;4;2;;;;;1;2;4;1;;
2020/07/13;16;11;2;3;6;7;4;3;1;1;;;;;1;1;;1;
2020/07/14;36;23;5;10;11;8;10;6;5;4;;;;;1;5;2;6;
2020/07/15;31;27;6;14;11;6;9;7;4;;1;;;3;;5;2;10;
2020/07/16;29;38;3;18;12;13;7;9;4;;1;;;1;2;1;3;13;
2020/07/17;58;57;10;33;24;15;14;7;5;3;3;1;;2;4;6;12;17;
2020/07/18;108;89;10;86;49;15;14;12;7;3;1;;;4;3;7;17;57;
2020/07/19;60;54;7;36;30;12;11;10;5;3;;;;4;2;2;6;15;
2020/07/20;47;43;3;25;16;13;12;12;6;1;2;;;;3;3;4;14;
2020/07/21;54;56;6;25;20;11;10;24;8;3;3;;;3;3;2;5;14;
2020/07/22;64;71;12;24;30;18;20;16;6;4;4;1;;4;3;5;6;12;
2020/07/23;74;55;9;23;27;21;14;21;9;4;1;;;1;5;4;5;15;
2020/07/24;74;49;5;23;28;17;21;17;6;5;1;;;3;1;5;8;11;
2020/07/25;77;89;14;22;44;22;23;19;11;3;4;3;1;4;3;10;6;11;
2020/07/26;41;45;7;17;11;13;14;11;5;5;2;;1;3;3;4;7;6;
2020/07/27;71;59;15;12;22;21;13;16;10;6;4;;11;7;3;8;3;4;
2020/07/28;64;59;13;14;21;22;25;16;4;2;3;2;1;2;5;8;4;5;
2020/07/29;104;99;13;23;43;48;25;19;12;11;7;;2;3;6;12;5;4;
2020/07/30;139;96;16;22;47;44;54;31;14;3;3;1;;7;3;10;9;5;
2020/07/31;106;94;16;20;56;36;29;19;14;5;1;4;;8;2;13;5;5;
2020/08/01;105;94;20;21;41;45;36;16;10;6;3;;1;7;5;15;6;4;
2020/08/02;76;71;9;15;32;25;23;14;9;6;7;3;4;5;1;8;6;2;
2020/08/03;89;69;11;13;29;27;28;15;15;9;6;1;4;5;5;4;2;4;
2020/08/04;127;104;23;17;36;47;42;29;21;9;6;1;;6;6;19;6;3;
2020/08/05;187;142;24;29;66;59;55;43;25;13;10;3;2;7;8;16;10;5;
2020/08/06;205;211;38;34;84;88;75;45;25;16;4;4;3;19;6;24;10;10;
2020/08/07;176;202;27;31;85;70;58;47;29;10;10;5;6;8;9;14;10;9;
2020/08/08;171;165;33;31;67;65;66;34;16;9;10;5;;13;7;26;7;4;
2020/08/09;175;173;29;27;66;64;53;47;34;15;10;1;2;9;9;17;10;6;
2020/08/10;134;119;21;21;45;46;40;31;27;9;10;3;;6;7;12;10;5;
2020/08/11;160;172;27;35;46;56;67;38;25;18;12;5;3;7;11;24;8;3;
2020/08/12;261;295;38;37;115;98;97;70;32;32;22;13;2;14;11;23;12;8;
2020/08/13;228;257;29;27;97;86;85;56;33;25;27;19;1;10;10;14;7;12;
2020/08/14;250;268;31;50;99;108;88;68;35;12;19;7;1;7;10;23;17;17;
2020/08/15;286;305;41;65;126;99;98;60;42;23;19;7;11;14;9;34;14;20;
2020/08/16;177;170;16;30;54;49;53;47;22;15;7;1;53;6;1;12;6;13;
2020/08/17;162;127;17;30;48;44;31;31;26;15;13;8;26;5;7;9;5;15;
2020/08/18;233;261;41;50;83;89;77;65;41;15;23;8;2;16;11;28;17;13;
2020/08/19;281;275;30;53;90;88;103;70;43;27;32;19;1;4;12;28;16;15;
2020/08/20;344;354;52;72;132;118;116;82;51;37;25;11;2;14;17;33;25;20;
2020/08/21;291;294;50;49;108;104;85;78;28;23;35;23;2;17;15;32;12;13;
2020/08/22;323;322;37;69;144;117;89;91;43;22;24;7;2;14;7;31;22;20;
2020/08/23;206;221;25;40;100;62;61;56;32;8;9;5;29;4;6;20;13;17;
2020/08/24;234;210;26;62;80;65;59;61;27;21;13;7;23;9;4;25;13;22;
2020/08/25;310;294;35;68;127;98;94;85;33;28;27;8;1;11;8;33;19;22;
2020/08/26;372;357;55;88;155;119;99;92;49;32;20;15;5;19;13;39;22;30;
2020/08/27;366;383;57;75;134;118;119;102;59;41;31;8;5;18;22;36;25;18;
2020/08/28;415;425;44;74;145;153;132;117;68;41;47;13;6;15;16;31;21;16;
2020/08/29;336;325;47;72;125;83;118;105;46;28;22;7;8;20;14;28;29;16;
2020/08/30;203;198;29;42;79;64;70;52;31;14;9;2;9;5;11;19;13;13;
2020/08/31;233;194;38;48;60;75;74;49;33;22;18;10;;13;13;28;15;12;
2020/09/01;260;268;38;56;97;75;72;77;56;20;26;9;2;15;7;28;26;9;
2020/09/02;281;292;29;59;103;84;87;87;45;27;27;20;5;19;3;20;21;15;
2020/09/03;336;353;55;56;114;108;88;108;57;43;36;22;2;20;16;30;20;10;
2020/09/04;325;393;54;69;90;102;127;102;74;45;34;20;1;17;17;40;20;17;
2020/09/05;279;316;54;65;86;74;103;90;59;36;19;9;;7;15;52;24;14;
2020/09/06;231;257;51;49;84;63;74;72;47;22;10;8;8;16;13;36;18;11;
2020/09/07;171;205;23;41;48;55;60;56;31;32;15;13;2;7;5;21;12;13;
2020/09/08;312;330;52;84;78;66;112;96;58;32;40;22;2;10;17;56;30;15;
2020/09/09;283;321;51;64;93;73;99;104;49;32;27;11;1;21;12;42;17;16;
2020/09/10;281;270;46;47;76;76;86;92;48;26;32;19;3;14;20;22;11;14;
2020/09/11;318;337;53;59;118;94;106;87;61;34;26;15;2;15;15;36;21;16;
2020/09/12;248;259;38;52;81;77;87;63;48;28;13;15;5;8;14;37;18;10;
2020/09/13;130;156;34;20;46;38;40;35;31;11;19;5;7;8;10;21;9;3;
2020/09/14;126;147;27;23;38;24;40;38;26;19;24;11;3;10;13;14;8;3;
2020/09/15;210;227;41;45;50;71;53;64;43;29;21;8;12;13;12;31;10;12;
2020/09/16;244;318;50;55;61;67;100;90;62;33;33;11;;11;20;37;19;14;
2020/09/17;243;260;59;51;77;64;79;91;42;20;16;4;;13;16;39;15;20;
2020/09/18;279;319;60;55;97;87;99;82;46;30;28;9;5;14;11;49;24;12;
2020/09/19;224;222;43;57;77;51;75;46;43;27;13;7;7;6;16;37;17;17;
2020/09/20;174;213;42;62;44;48;50;46;32;19;24;4;16;11;7;39;15;23;
2020/09/21;156;158;36;37;41;40;69;36;24;14;10;3;4;5;13;30;9;12;
2020/09/22;177;228;38;41;62;37;60;56;41;29;21;20;0;12;7;30;16;11;
2020/09/23;245;273;34;111;58;50;86;53;51;30;31;14;0;10;8;29;22;46;
2020/09/24;166;206;27;37;53;52;51;66;28;34;15;11;9;6;7;23;13;8;
2020/09/25;192;206;23;62;57;55;51;68;33;23;11;10;5;7;5;26;23;15;
2020/09/26;229;250;41;75;75;57;84;58;32;21;23;8;5;8;13;44;27;16;
2020/09/27;178;176;28;46;41;53;46;45;38;15;17;6;19;9;4;27;13;14;
2020/09/28;141;144;38;29;33;26;45;35;29;19;15;3;13;7;13;23;17;6;
2020/09/29;205;227;33;43;54;61;73;66;33;18;30;19;2;5;6;35;18;6;
2020/09/30;179;206;19;48;49;53;64;57;45;17;21;12;0;5;4;20;14;14;
2020/10/01;187;231;21;39;60;59;61;67;36;23;30;22;0;4;4;23;15;12;
2020/10/02;218;223;37;50;57;63;65;71;38;27;19;11;3;8;7;36;21;10;
2020/10/03;146;173;16;44;58;48;53;40;22;20;10;5;3;1;7;17;15;15;
2020/10/04;142;130;16;40;31;36;49;37;31;11;10;2;9;4;5;15;20;7;
2020/10/05;178;158;50;56;38;25;55;57;17;17;11;0;10;6;18;35;23;20;
2020/10/06;208;220;34;61;51;48;76;68;38;27;19;5;1;8;13;29;26;13;
2020/10/07;221;233;33;63;46;61;73;83;45;13;20;6;11;12;5;25;31;17;
2020/10/08;217;241;29;69;60;54;71;83;40;22;17;6;7;6;3;37;28;20;
2020/10/09;278;306;35;74;72;84;105;96;52;23;28;12;3;6;8;41;36;13;
2020/10/10;292;292;48;73;63;87;84;102;57;35;26;3;6;17;12;40;27;20;
2020/10/11;175;188;15;49;49;38;57;57;36;21;21;7;13;5;5;14;23;9;
2020/10/12;261;268;27;79;59;58;88;78;62;39;23;4;12;6;8;27;45;10;
2020/10/13;193;217;21;70;44;38;72;62;41;25;20;3;14;3;8;29;28;15;
2020/10/14;324;355;36;98;83;79;109;121;58;50;29;11;5;13;7;37;43;21;
2020/10/15;407;421;37;101;128;116;128;120;79;52;41;17;9;12;3;44;35;25;
2020/10/16;402;439;43;126;111;97;153;111;83;49;30;11;27;12;12;38;63;26;
2020/10/17;361;381;34;98;90;89;116;117;93;42;49;13;1;12;7;35;36;27;
2020/10/18;310;347;33;91;90;81;97;112;64;38;21;11;19;8;10;39;33;24;
2020/10/19;282;343;40;92;76;73;95;109;59;42;22;4;13;11;4;53;40;20;
2020/10/20;404;415;42;95;110;93;143;136;104;54;32;7;3;6;11;47;39;19;
2020/10/21;490;543;61;140;122;112;151;209;102;68;45;18;5;6;14;75;49;35;
2020/10/22;598;609;59;125;188;175;213;181;129;70;42;21;4;18;12;53;57;31;
2020/10/23;612;598;74;159;155;148;192;203;149;63;44;18;5;15;18;74;66;36;
2020/10/24;513;499;67;131;135;130;160;171;110;62;40;6;0;16;21;52;55;34;
2020/10/25;453;487;60;118;111;106;153;142;104;59;45;14;28;13;10;57;45;31;
2020/10/26;477;501;56;101;107;134;188;152;118;59;35;14;14;14;9;52;47;22;
2020/10/27;540;624;69;150;142;155;202;166;121;80;55;21;3;12;16;75;66;35;
2020/10/28;603;623;70;158;154;142;210;206;124;82;62;15;3;21;17;68;68;42;
2020/10/29;624;701;80;151;165;151;233;211;160;91;54;27;2;22;23;72;71;29;
2020/10/30;723;779;72;179;178;162;257;257;162;121;79;22;13;14;22;86;78;34;
2020/10/31;542;611;68;135;136;119;194;185;133;98;59;20;6;25;13;61;50;34;
2020/11/01;479;493;65;106;108;135;152;174;91;79;32;17;13;11;29;59;41;19;
2020/11/02;531;589;45;146;131;141;195;187;135;79;41;20;0;10;13;60;67;29;
2020/11/03;677;748;84;140;177;162;231;237;178;121;72;21;2;19;24;81;60;28;
2020/11/04;653;808;94;184;156;184;224;237;165;89;97;30;1;18;31;101;90;30;
2020/11/05;752;794;113;181;176;206;259;231;149;127;78;26;1;30;38;96;67;39;
2020/11/06;695;749;92;175;182;165;235;217;163;110;72;33;0;18;32;106;72;27;
2020/11/07;610;635;62;170;162;143;212;174;135;102;59;26;0;17;18;67;73;39;
2020/11/08;567;611;83;137;140;153;196;184;127;78;52;28;0;19;26;79;68;21;
2020/11/09;613;697;99;185;140;143;225;210;156;84;48;18;2;20;32;96;77;43;
2020/11/10;653;748;94;163;169;159;245;224;142;105;56;43;1;26;28;80;71;39;
2020/11/11;657;752;94;164;136;152;260;251;153;89;92;18;0;30;15;102;63;30;
2020/11/12;647;773;99;185;139;177;225;228;149;88;98;30;2;27;21;100;77;45;
2020/11/13;581;662;72;167;141;148;193;206;132;88;67;23;6;19;17;84;72;25;
2020/11/14;518;525;85;121;124;119;169;149;114;68;61;27;6;24;22;70;55;20;
2020/11/15;394;407;52;105;109;104;119;131;89;40;35;15;2;14;14;47;48;27;
2020/11/16;447;494;77;117;89;112;157;152;85;52;36;13;51;12;23;82;45;21;
2020/11/17;474;576;66;141;114;104;181;159;117;71;69;27;1;14;19;68;65;28;
2020/11/18;485;584;61;144;112;137;178;166;96;70;71;30;4;19;9;83;66;20;
2020/11/19;425;510;78;120;107;105;141;152;87;74;48;23;0;25;20;67;53;25;
2020/11/20;384;483;67;150;97;83;143;138;85;50;41;13;0;12;22;71;60;44;
2020/11/21;319;322;40;97;53;72;102;108;65;50;43;11;0;12;6;55;40;15;
2020/11/22;246;253;49;71;44;56;83;70;46;33;29;18;0;9;14;43;38;9;
2020/11/23;285;325;42;82;49;89;119;97;55;34;40;3;0;12;12;48;35;13;
2020/11/24;321;372;58;69;84;90;123;93;65;44;46;21;0;13;10;58;27;11;
2020/11/25;315;351;46;95;73;85;118;103;57;31;41;17;0;11;5;57;43;15;
2020/11/26;273;351;34;92;72;71;112;84;53;51;34;21;0;2;9;56;33;14;
2020/11/27;296;322;52;95;69;76;111;84;56;25;40;10;0;13;13;64;38;11;
2020/11/28;247;264;61;50;44;48;95;79;46;36;39;13;0;9;16;57;19;8;
2020/11/29;206;229;35;70;57;50;74;60;31;22;27;9;0;7;11;50;23;9;
2020/11/30;229;257;50;60;45;54;104;61;40;34;29;8;1;8;10;51;25;11;
2020/12/01;239;325;47;68;46;56;91;88;44;33;50;21;20;7;12;44;38;11;
2020/12/02;277;355;55;94;56;80;110;95;56;30;34;22;0;15;12;61;51;8;
2020/12/03;245;274;52;63;53;53;106;82;50;30;22;8;0;6;22;41;34;9;
2020/12/04;228;292;47;66;50;65;84;77;47;43;25;16;0;7;16;44;26;15;
2020/12/05;221;231;48;60;36;47;83;79;38;24;30;7;0;6;20;46;22;10;
2020/12/06;132;183;27;44;30;37;44;43;23;19;25;23;0;6;5;29;16;10;
2020/12/07;182;187;32;48;24;61;63;57;36;13;20;15;0;8;6;41;16;6;
2020/12/08;203;247;29;50;42;64;69;59;51;33;35;18;0;5;4;29;28;10;
2020/12/09;216;229;31;68;39;43;82;71;40;23;30;19;1;4;9;39;30;10;
2020/12/10;285;312;45;90;45;74;103;76;65;27;47;25;0;6;9;51;46;17;
2020/12/11;262;374;61;82;54;89;105;96;45;31;49;23;1;15;12;56;34;19;
2020/12/12;218;246;45;67;44;51;76;66;36;31;32;16;0;9;10;37;35;15;
2020/12/13;167;169;26;65;39;39;77;40;27;11;9;3;0;8;2;43;29;6;
2020/12/14;199;224;29;62;45;50;73;60;38;29;22;15;0;6;6;67;9;6;
2020/12/15;258;324;38;66;55;71;95;84;51;38;53;31;0;10;6;46;29;5;
2020/12/16;194;202;29;54;54;44;62;57;51;21;18;6;0;3;10;30;27;8;
2020/12/17;223;242;46;66;45;52;69;76;40;25;34;12;0;7;6;59;21;12;
2020/12/18;210;213;30;51;60;43;71;61;40;26;27;14;0;10;9;24;25;10;
2020/12/19;120;180;24;41;31;30;64;42;26;18;17;7;0;5;9;19;17;13;
2020/12/20;169;170;40;40;28;51;63;48;32;26;7;4;0;10;11;29;21;8;
2020/12/21;138;169;29;40;25;35;55;59;26;18;14;6;0;6;4;33;13;11;
2020/12/22;211;262;31;56;64;46;66;83;36;39;30;21;1;7;9;32;26;8;
2020/12/23;188;239;29;52;50;50;74;73;34;22;32;10;1;4;6;32;20;15;
2020/12/24;210;200;27;46;63;53;56;40;49;29;29;17;1;7;12;25;19;7;
2020/12/25;115;113;26;29;29;32;42;26;14;10;17;3;0;6;8;20;11;9;
2020/12/26;105;121;13;22;27;25;39;47;27;11;14;1;0;5;5;9;14;1;
2020/12/27;124;174;24;30;39;29;30;50;32;21;31;12;0;7;4;23;11;6;
2020/12/28;165;182;18;33;51;47;71;50;40;26;9;2;0;3;4;20;15;3;
2020/12/29;266;251;44;53;56;73;71;76;59;32;41;11;0;6;11;34;21;14;
2020/12/30;234;274;29;41;77;51;93;91;51;28;39;6;2;7;6;30;14;8;
2020/12/31;229;261;36;46;70;65;75;74;47;30;36;11;0;10;12;22;22;12;
2021/01/01;167;135;22;30;34;45;46;38;47;26;11;3;0;9;5;16;10;12;
2021/01/02;166;204;34;36;51;44;65;60;31;15;27;7;0;8;7;30;15;7;
2021/01/03;164;198;23;31;50;60;59;48;47;21;17;6;0;9;5;19;11;9;
2021/01/04;240;240;32;55;74;67;76;68;53;28;21;6;0;13;5;29;18;14;
2021/01/05;277;302;35;60;75;67;72;94;73;42;39;21;1;7;9;40;21;11;
2021/01/06;223;278;33;51;62;66;82;80;40;31;40;15;1;13;5;29;18;14;
2021/01/07;262;273;35;59;76;75;84;85;51;43;18;9;0;7;6;35;16;18;
2021/01/08;315;343;48;70;95;75;115;99;69;48;29;9;1;11;17;43;31;11;
2021/01/09;233;276;34;55;75;44;91;87;52;42;20;9;0;10;8;24;22;20;
2021/01/10;256;304;39;60;75;72;94;72;66;41;32;9;0;11;10;32;23;15;
2021/01/11;347;470;48;72;77;76;123;119;92;72;95;43;0;11;22;35;29;13;
2021/01/12;325;410;51;64;85;95;124;117;89;51;44;13;2;11;10;49;22;11;
2021/01/13;387;384;63;52;115;98;111;136;72;76;35;13;0;19;23;33;17;16;
2021/01/14;376;384;53;71;88;101;120;147;79;46;38;12;5;14;17;40;34;12;
2021/01/15;395;440;67;77;82;115;123;129;97;68;61;15;1;21;20;53;30;14;
2021/01/16;335;341;37;65;75;80;117;113;88;50;37;14;0;14;12;32;25;15;
2021/01/17;302;344;55;62;65;84;110;116;72;39;30;15;0;11;29;31;23;18;
2021/01/18;439;455;72;79;89;118;150;160;88;62;54;21;1;13;34;53;32;16;
2021/01/19;517;529;68;116;124;122;181;159;111;76;66;23;0;18;20;71;47;14;
2021/01/20;559;556;64;130;113;141;222;151;116;71;76;26;5;8;19;74;48;24;
2021/01/21;545;594;83;144;115;135;221;173;113;86;49;18;2;17;24;90;57;29;
2021/01/22;561;579;109;142;121;123;199;169;124;77;49;27;0;12;51;90;52;30;
2021/01/23;414;466;86;112;96;100;153;126;97;43;44;22;1;18;41;60;37;27;
2021/01/24;415;411;95;104;88;103;151;114;85;52;25;9;0;15;37;78;41;16;
2021/01/25;536;565;103;125;122;124;243;154;101;62;40;23;4;20;36;87;55;22;
2021/01/26;575;529;78;143;115;131;185;189;119;83;48;12;1;16;24;102;43;28;
2021/01/27;622;651;104;178;125;165;206;193;128;90;60;24;0;20;23;118;86;34;
2021/01/28;638;626;119;171;129;149;210;198;118;99;40;28;3;25;30;107;72;40;
2021/01/29;518;572;83;156;114;115;201;166;117;58;55;25;0;20;19;74;84;28;
2021/01/30;419;436;99;122;90;101;137;143;63;61;29;10;0;26;31;77;56;19;
2021/01/31;474;478;102;157;105;107;153;156;77;57;25;12;1;19;24;109;60;36;
2021/02/01;468;440;86;143;94;93;158;130;103;46;41;13;1;11;23;98;42;40;
2021/02/02;492;565;105;163;119;97;169;145;109;72;60;18;0;17;34;106;70;30;
2021/02/03;499;521;99;153;111;129;171;134;106;65;40;12;0;15;25;109;69;17;
2021/02/04;454;467;110;134;93;109;154;143;78;58;31;10;1;27;35;95;58;19;
2021/02/05;456;491;83;163;96;116;188;121;93;46;30;10;1;18;18;97;72;30;
2021/02/06;321;311;59;103;64;53;142;79;64;32;24;12;0;10;17;60;45;20;
2021/02/07;311;310;75;116;68;70;95;97;51;29;17;2;1;14;21;89;44;12;
2021/02/08;348;375;85;126;70;79;123;107;62;41;18;10;2;22;36;74;51;21;
2021/02/09;359;389;83;113;70;92;129;96;79;51;23;10;2;14;26;75;55;17;
2021/02/10;349;335;79;128;77;76;103;94;53;36;29;9;0;14;21;73;65;19;
2021/02/11;316;327;66;110;59;95;100;86;67;27;18;13;2;13;9;80;51;15;
2021/02/12;309;304;61;114;43;70;129;76;56;33;21;9;1;12;22;58;54;19;
2021/02/13;198;225;44;82;37;56;62;65;33;21;19;4;0;13;10;50;37;7;
2021/02/14;210;208;62;80;44;31;68;65;32;19;14;3;0;13;19;61;36;10;
2021/02/15;221;232;70;67;43;45;94;65;36;14;12;5;2;14;13;60;32;12;
2021/02/16;253;246;44;67;43;59;102;75;56;27;17;9;0;8;12;43;31;10;
2021/02/17;266;297;62;92;56;62;104;76;51;31;21;7;1;6;20;63;35;20;
2021/02/18;248;257;53;83;49;56;98;74;33;22;24;9;4;9;24;47;32;16;
2021/02/19;232;255;55;73;40;56;106;71;39;22;19;5;1;7;21;47;37;12;
2021/02/20;151;186;25;47;37;42;47;59;36;17;22;4;1;7;4;27;24;7;
2021/02/21;144;165;48;38;33;33;53;54;21;12;6;4;1;10;19;30;19;7;
2021/02/22;204;224;48;57;49;52;78;63;34;19;22;6;0;7;15;39;25;14;
2021/02/23;195;210;38;57;42;54;68;72;29;26;12;7;0;5;11;44;19;14;
2021/02/24;193;209;50;52;43;38;71;72;30;23;16;7;0;8;9;44;25;9;
2021/02/25;182;186;33;55;41;57;63;61;28;17;9;2;2;7;11;29;25;8;
2021/02/26;172;177;31;43;52;39;61;43;35;26;16;3;0;4;8;32;14;12;
2021/02/27;144;125;22;34;33;33;46;47;24;15;8;7;0;5;10;17;14;6;
2021/02/28;123;119;29;39;27;26;46;30;21;11;11;2;0;4;10;29;19;3;
2021/03/01;170;196;34;53;36;45;68;55;37;23;12;3;0;9;9;30;19;14;
2021/03/02;166;173;38;59;44;40;62;34;40;10;10;2;1;9;8;35;24;14;
2021/03/03;152;179;36;44;34;52;51;48;32;20;11;3;0;8;15;27;17;8;
2021/03/04;166;157;38;50;31;38;52;53;27;17;15;2;0;5;10;44;13;8;
2021/03/05;171;136;30;46;30;33;50;51;37;13;10;6;1;4;10;32;14;9;
2021/03/06;119;128;34;38;22;22;49;36;23;12;8;3;0;4;10;32;15;4;
2021/03/07;98;116;28;25;24;21;50;28;16;16;5;1;0;4;10;20;13;4;
2021/03/08;172;162;34;44;40;39;66;49;26;20;10;5;1;12;12;22;19;8;
2021/03/09;189;146;27;53;42;45;64;48;28;20;6;2;0;6;6;30;17;17;
2021/03/10;187;182;49;72;35;40;55;48;33;20;13;4;0;12;17;49;31;8;
2021/03/11;194;186;48;57;43;48;60;59;31;23;8;3;0;8;19;35;25;12;
2021/03/12;173;183;45;61;28;58;68;36;28;14;13;5;0;5;10;48;17;21;
2021/03/13;157;138;35;40;36;34;72;31;25;10;8;4;0;3;13;30;18;9;
2021/03/14;130;116;37;33;22;33;49;37;15;12;7;0;1;4;19;25;8;14;
2021/03/15;206;188;31;73;35;57;76;52;38;21;8;3;0;9;7;39;24;20;
2021/03/16;206;196;41;68;38;43;81;46;42;30;5;8;0;9;5;45;31;13;
2021/03/17;206;204;38;68;51;51;75;57;41;15;11;3;0;8;11;42;31;10;
2021/03/18;236;230;53;68;44;44;89;67;51;25;20;5;0;5;13;61;26;9;
2021/03/19;156;170;30;45;41;37;53;54;32;22;7;3;2;8;8;24;18;9;
2021/03/20;150;130;26;37;22;43;46;55;23;20;7;0;1;6;10;18;9;12;
2021/03/21;154;175;31;57;34;45;57;48;35;11;7;4;0;8;8;31;19;15;
2021/03/22;227;208;33;59;42;66;67;72;46;28;15;6;1;5;9;37;25;12;
2021/03/23;274;236;41;68;60;70;77;87;55;30;18;4;0;11;7;38;29;14;
2021/03/24;265;264;62;62;61;73;78;72;61;34;23;3;0;18;23;45;25;10;
2021/03/25;311;292;57;60;65;93;110;92;56;44;18;8;1;13;12;43;24;12;
2021/03/26;300;292;56;83;62;76;109;90;52;45;18;1;0;16;14;50;40;10;
2021/03/27;246;221;53;55;43;58;69;86;51;42;9;1;0;4;21;45;21;12;
2021/03/28;192;169;34;53;34;47;61;56;36;19;14;7;1;8;12;52;11;1;
2021/03/29;272;229;46;59;44;68;82;81;54;39;19;8;1;15;11;38;26;11;
2021/03/30;288;343;58;78;62;91;111;94;59;51;18;8;1;15;14;53;23;22;;
2021/03/31;326;317;49;81;73;77;111;108;61;48;27;7;1;16;13;36;30;21;;
2021/04/01;272;295;41;79;71;61;88;102;59;31;23;11;1;5;12;52;32;16;;
2021/04/02;273;251;68;75;53;50;94;84;53;29;14;4;0;18;19;55;24;16;;
2021/04/03;228;240;41;75;42;58;75;83;41;30;19;1;3;3;14;46;24;29;;
2021/04/04;282;282;50;64;65;62;97;107;57;41;17;3;1;0;7;19;68;15;;
2021/04/05;272;257;31;73;68;51;97;102;51;34;18;2;2;4;4;43;31;12;;
2021/04/06;356;374;71;87;89;57;127;133;79;57;29;2;0;18;17;59;27;23;;
2021/04/07;406;382;47;86;106;92;145;140;84;51;27;7;3;12;15;42;24;26;;
2021/04/08;407;385;49;101;109;100;133;132;71;67;26;4;0;9;11;50;32;30;;
2021/04/09;466;454;59;154;97;111;150;152;103;60;32;1;1;15;17;59;60;46;;
2021/04/10;359;402;60;106;107;95;116;129;74;43;25;5;1;14;15;50;38;36;;
2021/04/11;294;304;40;88;76;69;98;88;68;48;20;3;0;15;8;33;34;27;;
2021/04/12;350;376;45;85;89;91;120;120;93;45;30;6;2;19;8;36;34;23;;
2021/04/13;502;501;76;114;121;113;154;173;120;82;41;8;1;25;22;58;36;39;;
2021/04/14;444;496;68;126;129;108;141;163;112;60;24;8;1;17;15;63;48;32;;
2021/04/15;450;466;62;127;123;101;136;156;115;56;32;7;1;10;18;56;51;37;;
2021/04/16;433;402;84;107;119;106;115;138;75;68;16;7;0;24;19;61;50;23;;
2021/04/17;401;374;80;104;93;88;118;130;85;44;23;7;3;19;16;68;49;22;;
2021/04/18;326;306;55;91;73;70;121;93;73;40;12;5;0;19;14;47;35;22;;
2021/04/19;399;380;60;113;82;98;126;127;74;67;28;4;0;13;14;55;53;29;;
2021/04/20;525;477;65;137;109;108;174;185;105;72;35;10;2;25;17;57;50;34;;
2021/04/21;483;530;60;166;108;119;178;179;86;69;37;10;1;18;18;62;78;33;;
2021/04/22;504;474;94;137;101;120;175;162;91;59;33;6;0;20;33;75;57;29;;
2021/04/23;490;445;85;152;112;110;182;129;78;57;18;9;3;17;18;100;53;40;;
2021/04/24;344;341;72;97;77;73;130;103;65;44;18;4;2;8;22;70;42;21;;
2021/04/25;388;374;82;125;90;85;125;112;78;47;17;1;0;12;26;85;64;14;;
2021/04/26;379;394;70;115;83;81;140;138;77;45;20;4;1;13;27;63;57;18;;
2021/04/27;452;417;93;114;104;121;154;107;83;61;22;7;3;24;25;79;43;26;;
2021/04/28;432;444;86;150;101;97;148;125;88;50;23;8;0;22;26;81;69;28;;
2021/04/29;405;403;85;126;77;109;156;130;72;34;14;5;0;17;36;67;54;25;;
2021/04/30;389;380;66;128;69;80;143;124;88;48;16;4;3;21;10;70;57;26;;
2021/05/01;303;282;54;85;71;74;107;97;50;28;15;4;0;12;14;51;40;15;;
2021/05/02;255;251;60;92;60;63;78;75;41;25;11;1;0;9;18;61;39;19;;
2021/05/03;326;320;77;89;72;69;124;93;54;40;22;6;0;14;29;64;36;23;;
2021/05/04;329;341;59;107;74;85;115;103;55;53;10;8;1;9;19;66;48;24;;
2021/05/05;337;336;72;87;71;94;126;106;67;33;8;6;3;9;25;68;35;12;;
2021/05/06;293;326;58;107;68;82;107;94;56;32;10;5;0;18;17;61;33;27;;
2021/05/07;292;288;64;90;70;70;106;84;50;31;10;5;0;9;17;65;35;18;;
2021/05/08;207;229;59;61;42;60;87;67;30;24;2;2;2;16;22;38;23;17;;
2021/05/09;183;173;53;52;38;34;70;51;35;18;5;0;0;4;22;41;27;3;;
2021/05/10;249;212;52;73;42;55;79;93;34;23;5;5;0;13;19;42;29;14;;
2021/05/11;242;237;51;66;61;68;86;74;33;22;11;6;1;18;11;35;31;17;;
2021/05/12;239;218;44;72;43;52;98;81;40;16;8;2;1;12;11;37;30;17;;
2021/05/13;202;191;53;66;35;55;71;58;35;13;4;3;0;10;14;44;25;15;;
2021/05/14;207;200;57;47;52;50;83;50;38;21;6;3;0;9;17;47;17;13;;
2021/05/15;161;120;25;30;28;41;57;59;26;10;1;4;0;7;6;22;12;7;;
2021/05/16;149;127;38;39;32;31;67;39;16;11;3;0;0;5;8;36;17;8;;
2021/05/17;138;142;22;33;37;46;61;43;28;5;2;2;1;3;5;27;13;7;;
2021/05/18;187;181;33;45;62;51;82;58;22;11;3;0;1;10;8;29;17;5;;
2021/05/19;192;159;30;65;53;45;62;56;25;13;2;0;0;13;4;30;31;11;;
2021/05/20;200;196;41;51;51;52;88;54;35;20;2;2;0;12;9;37;18;13;;
2021/05/21;205;165;44;60;41;51;79;51;23;16;4;1;0;6;17;44;20;13;;
2021/05/22;128;129;22;39;39;39;49;40;20;6;2;1;0;2;5;25;20;7;;
2021/05/23;115;126;35;43;34;31;48;25;12;8;3;0;2;9;4;35;20;6;;
2021/05/24;144;132;30;28;30;44;75;44;17;2;3;2;1;6;6;32;11;3;;
2021/05/25;212;167;34;61;47;58;80;57;27;9;4;2;0;1;13;48;20;10;;
2021/05/26;190;173;41;54;46;53;82;50;22;8;3;3;1;6;14;33;22;15;;
2021/05/27;179;179;29;67;43;51;77;57;16;9;8;1;0;5;7;31;36;8;;
2021/05/28;194;196;43;68;36;62;94;45;24;9;5;3;1;11;10;44;26;14;;
2021/05/29;157;148;23;51;44;38;61;61;12;7;6;2;1;4;4;28;17;19;;
2021/05/30;118;133;22;46;25;37;47;49;14;8;2;1;0;11;6;13;25;12;;
2021/05/31;177;167;27;61;41;46;75;58;15;9;10;2;0;9;6;31;31;7;;
2021/06/01;190;148;41;70;45;45;54;47;20;9;5;2;0;15;7;46;24;10;;
2021/06/02;166;135;22;55;43;42;69;42;12;8;4;4;0;7;9;26;17;14;;
2021/06/03;170;155;32;63;56;50;58;42;11;6;5;2;0;6;10;32;28;14;;
2021/06/04;150;137;17;55;40;42;60;56;7;6;3;1;0;5;3;24;27;10;;
2021/06/05;101;104;23;27;27;32;46;34;9;3;2;2;0;3;7;23;9;5;;
2021/06/06;82;99;14;35;28;23;43;20;11;3;2;2;0;4;4;19;12;9;;
2021/06/07;93;108;17;42;24;27;42;31;5;6;6;1;0;6;7;11;23;7;;
2021/06/08;158;96;25;53;29;34;67;26;15;3;2;0;0;4;11;25;23;12;;
2021/06/09;120;118;33;42;31;32;54;27;8;2;5;4;0;4;6;36;19;7;;
2021/06/10;109;115;23;37;33;36;49;30;9;2;3;2;0;9;5;20;16;7;;
2021/06/11;104;95;19;30;28;40;43;17;13;5;2;0;2;5;5;18;14;6;;
2021/06/12;105;98;20;42;34;21;40;23;6;5;4;8;0;6;4;22;21;9;;
2021/06/13;68;57;29;7;13;24;22;19;8;0;3;0;0;7;8;16;2;2;;
2021/06/14;66;76;14;15;20;29;32;17;6;2;5;2;0;5;5;9;8;1;;
2021/06/15;69;77;19;18;20;23;33;15;12;1;3;1;1;7;5;14;6;3;;
2021/06/16;93;97;19;34;35;36;37;15;7;4;1;1;1;6;4;21;10;8;;
2021/06/17;79;86;9;27;30;26;40;19;7;5;1;0;1;2;1;12;13;6;;
2021/06/18;81;87;19;42;20;26;29;18;3;1;7;2;1;2;3;19;17;17;;
2021/06/19;82;79;25;23;25;29;37;15;4;1;1;0;1;4;7;19;7;7;;
2021/06/20;44;54;7;11;18;14;23;13;5;1;4;1;1;1;0;13;1;3;;
2021/06/21;79;67;13;29;23;18;32;16;10;1;3;0;1;5;3;12;9;9;;
2021/06/22;83;104;22;64;22;27;23;14;6;6;2;0;1;6;1;22;13;41;;
2021/06/23;91;84;9;54;38;30;15;15;9;2;3;0;0;2;0;14;8;33;;
2021/06/24;123;94;11;81;38;28;24;12;12;4;3;3;1;2;3;9;6;62;;
2021/06/25;104;104;17;76;38;22;22;19;13;0;1;0;0;1;5;17;9;58;;
2021/06/26;61;84;15;42;25;18;25;11;6;0;3;0;0;2;5;12;7;26;;
2021/06/27;74;68;9;52;21;20;21;15;2;1;1;0;0;4;4;6;6;38;;
2021/06/28;106;68;11;33;42;34;20;15;9;4;2;1;3;5;2;7;6;17;;
2021/06/29;159;144;11;69;102;50;44;16;5;3;3;0;0;2;4;12;14;34;;
2021/06/30;230;158;17;92;147;51;41;15;13;7;3;2;0;4;2;18;20;46;;
2021/07/01;220;186;8;117;169;53;38;8;7;1;0;1;4;1;1;10;16;69;;
2021/07/02;267;231;22;158;164;54;41;32;22;2;2;1;0;8;4;13;35;97;;
2021/07/03;199;152;14;140;110;54;23;13;11;0;0;0;2;5;4;7;29;76;;
2021/07/04;191;176;13;128;95;54;30;14;12;4;0;0;1;3;4;14;42;77;;
2021/07/05;256;230;28;138;150;58;63;24;16;1;4;0;4;9;6;17;34;85;;
2021/07/06;334;275;27;172;202;93;49;34;18;6;2;3;3;9;10;19;33;100;;
2021/07/07;355;294;19;177;238;87;63;27;22;2;6;0;8;9;24;39;95;100;;
2021/07/08;422;281;24;194;250;92;64;30;29;6;8;1;5;5;8;31;41;86;;
2021/07/09;391;346;46;182;230;117;76;35;26;11;8;4;2;13;8;33;43;101;;
2021/07/10;350;319;50;175;188;91;60;46;35;10;8;1;5;13;13;35;61;70;;
2021/07/11;356;316;32;216;186;97;57;37;29;6;4;2;6;5;7;35;92;72;;
2021/07/12;431;357;45;185;235;124;82;44;41;9;10;5;8;8;21;38;65;67;;
2021/07/13;502;487;61;227;292;149;109;70;52;17;9;1;2;13;20;52;75;80;;
2021/07/14;613;604;66;271;443;165;118;74;40;11;7;6;16;15;15;71;88;88;;
2021/07/15;761;584;68;308;439;205;120;85;72;24;16;5;3;23;19;61;96;107;;
2021/07/16;649;528;62;298;351;172;105;78;61;20;21;5;4;17;22;51;88;126;;
2021/07/17;523;488;54;252;296;150;95;78;49;13;15;8;1;16;14;59;54;123;;
2021/07/18;515;495;50;314;259;142;83;81;57;10;8;3;3;11;16;57;73;140;;
2021/07/19;721;593;63;364;357;200;116;80;73;27;18;6;10;20;14;56;64;187;;
2021/07/20;832;751;73;441;464;212;125;110;84;33;28;7;6;26;19;69;93;214;;
2021/07/21;960;841;110;525;548;245;125;107;89;26;14;6;6;31;27;98;109;261;;
2021/07/22;895;874;89;554;458;219;136;156;90;32;24;9;2;15;30;94;121;239;;
2021/07/23;838;800;92;489;488;196;119;109;90;28;21;2;4;28;18;101;127;184;;
2021/07/24;619;587;82;346;354;153;98;71;59;22;18;3;0;19;26;80;85;129;;
2021/07/25;471;471;56;269;268;116;67;68;56;18;19;0;5;15;9;51;66;128;;
2021/07/26;612;588;77;360;315;139;92;101;65;23;17;5;6;24;19;71;98;146;;
2021/07/27;826;746;106;430;437;172;138;129;76;33;40;6;5;29;27;96;112;171;;
2021/07/28;820;756;94;382;462;193;144;140;77;35;36;11;2;25;28;79;103;162;;
2021/07/29;680;635;98;313;369;148;143;112;70;31;25;4;2;23;21;93;99;92;;
2021/07/30;644;626;90;277;383;157;123;105;70;28;27;9;1;24;30;79;83;96;;
2021/07/31;463;464;54;202;241;117;93;96;48;25;33;16;2;20;11;44;67;74;;
2021/08/01;392;375;58;204;187;77;60;89;38;28;17;5;4;12;17;57;57;89;;
2021/08/02;444;463;72;206;235;100;78;97;60;25;23;8;3;18;25;64;61;75;;
2021/08/03;518;568;92;242;270;115;103;117;65;38;29;13;2;31;19;76;68;91;;
2021/08/04;550;552;99;223;303;118;131;114;51;27;22;12;2;25;25;83;67;68;;
2021/08/05;534;514;105;187;280;130;110;118;54;27;26;6;5;33;28;74;57;72;;
2021/08/06;455;424;61;161;248;112;75;85;53;30;33;16;5;17;15;47;59;60;;
2021/08/07;416;395;65;151;209;92;82;89;45;25;27;20;6;20;18;49;59;42;;
2021/08/08;284;298;51;94;167;65;74;71;31;12;13;0;4;12;16;34;31;25;;
2021/08/09;339;348;67;114;173;86;83;64;47;22;20;9;2;18;21;44;41;40;;
2021/08/10;504;461;84;174;244;114;92;93;71;30;30;29;4;25;28;59;64;52;;
2021/08/11;481;446;74;181;276;109;84;93;41;21;25;21;2;26;17;65;63;55;;
2021/08/12;476;415;61;210;248;100;97;74;42;22;27;8;2;17;23;48;77;63;;
2021/08/13;380;376;47;152;221;81;85;66;29;34;22;15;4;13;17;38;53;52;;
2021/08/14;299;282;48;117;138;71;70;51;33;24;20;9;0;14;12;36;45;41;;
2021/08/15;288;256;52;112;126;69;53;73;29;16;6;5;3;23;9;30;31;46;;
2021/08/16;333;308;67;123;125;78;71;69;41;27;16;16;8;22;14;58;43;31;;
2021/08/17;387;361;67;142;179;87;86;87;34;30;24;9;3;21;16;55;60;36;;
2021/08/18;361;341;56;114;161;94;93;83;41;33;18;7;2;12;20;47;32;34;;
2021/08/19;330;289;55;141;129;81;78;55;34;16;18;10;2;11;18;47;51;44;;
2021/08/20;317;287;55;101;140;76;69;52;46;22;20;18;5;15;19;38;47;27;;
2021/08/21;259;281;57;108;99;58;62;59;36;20;26;15;0;15;18;41;43;36;;
2021/08/22;189;174;36;68;77;49;37;43;14;15;18;5;1;11;11;27;25;17;;
2021/08/23;251;254;40;81;93;55;83;70;37;23;17;4;2;14;12;29;27;27;;
2021/08/24;311;332;81;111;110;86;72;83;34;29;28;8;1;23;18;66;43;32;;
2021/08/25;271;268;43;90;116;65;72;54;35;26;23;11;4;7;16;36;37;25;;
2021/08/26;273;242;48;91;91;43;81;62;43;13;25;16;2;11;16;37;38;22;;
2021/08/27;228;265;42;83;89;54;53;61;47;32;28;4;0;11;13;32;29;30;;
2021/08/28;135;146;26;61;43;34;33;29;19;21;12;3;0;8;4;25;30;15;;
2021/08/29;143;153;30;48;48;39;43;44;24;10;9;1;0;6;8;22;20;15;;
2021/08/30;170;179;37;54;40;45;55;46;28;12;25;7;0;9;14;26;25;15;;
2021/08/31;220;212;39;70;76;53;48;53;33;33;13;12;2;9;13;28;27;22;;
2021/09/01;187;210;39;65;52;34;73;52;21;25;23;7;6;13;9;33;28;12;;
2021/09/02;162;184;41;52;46;33;55;49;18;26;16;10;0;11;14;28;21;15;;
2021/09/03;154;155;30;46;46;41;38;34;36;18;14;5;1;9;8;25;24;8;;
2021/09/04;108;121;28;20;34;34;35;35;16;13;6;8;0;7;9;19;8;4;;
2021/09/05;96;113;21;40;17;29;37;28;14;9;9;5;0;7;8;23;13;7;;
2021/09/06;132;114;38;31;21;20;37;45;20;22;10;2;0;11;6;30;15;4;;
2021/09/07;142;131;24;35;32;26;44;30;19;26;27;10;0;6;6;25;8;3;;
2021/09/08;107;127;22;19;24;25;43;34;20;27;13;6;1;4;9;0;19;5;;
2021/09/09;91;130;15;29;30;24;26;35;19;12;19;12;0;3;3;21;10;5;;
2021/09/10;106;128;29;36;19;25;40;23;20;16;13;13;0;8;9;29;11;6;;
2021/09/11;93;93;27;28;24;13;26;26;11;14;9;7;1;10;9;22;7;6;;
2021/09/12;46;73;12;13;12;15;27;19;7;5;8;1;0;0;8;6;5;2;;
2021/09/13;105;113;23;25;13;25;34;29;24;11;23;10;1;7;7;19;10;2;;
2021/09/14;90;105;20;20;20;31;31;20;16;18;10;9;0;9;3;18;4;4;;
2021/09/15;99;116;17;21;27;30;35;36;20;13;10;6;0;3;5;20;7;2;;
2021/09/16;95;68;13;18;25;22;24;21;16;12;9;3;0;4;2;11;8;4;;
2021/09/17;94;102;30;28;17;21;34;24;18;9;11;4;0;8;8;23;12;5;;
2021/09/18;48;56;17;3;5;14;19;21;10;7;7;1;0;1;8;10;0;0;;
2021/09/19;40;18;8;10;7;9;9;7;8;7;2;2;0;3;2;6;2;2;;
2021/09/20;67;52;11;15;11;15;26;20;7;7;4;3;0;1;2;14;6;1;;
2021/09/21;56;74;10;14;8;17;26;26;11;9;6;3;0;1;3;13;3;1;;
2021/09/22;52;68;16;9;11;24;15;22;7;6;8;1;1;5;5;9;1;3;;
2021/09/23;49;61;20;11;3;17;22;14;13;7;2;1;0;4;4;16;4;3;;
2021/09/24;75;66;18;18;15;14;22;21;16;10;6;1;0;6;5;21;2;2;;
2021/09/25;62;43;14;19;5;12;21;14;9;8;3;0;0;4;0;22;4;0;;
2021/09/26;36;39;12;6;5;7;11;10;6;9;6;3;0;2;4;9;1;1;;
2021/09/27;45;55;10;8;9;18;21;14;6;4;8;2;0;4;1;9;3;1;;
2021/09/28;39;50;11;8;4;10;17;10;10;8;7;4;0;3;5;6;1;3;;
2021/09/29;41;54;7;6;9;16;14;9;10;9;11;4;0;1;4;5;2;1;;
2021/09/30;50;55;17;9;10;12;24;15;9;3;2;3;1;3;4;12;5;2;;
2021/10/01;38;26;14;5;9;9;12;6;2;2;4;1;0;2;6;8;1;0;;
2021/10/02;30;42;12;6;9;12;17;8;4;3;0;1;0;3;3;11;0;1;;
2021/10/03;28;39;10;8;5;11;14;6;6;3;4;0;0;0;2;13;3;0;;
2021/10/04;44;48;9;9;10;10;20;12;14;4;4;0;0;2;2;9;1;4;;
2021/10/05;40;59;12;4;10;10;17;14;17;4;7;4;0;4;2;10;0;0;;
2021/10/06;44;44;18;5;10;8;23;7;11;4;2;0;0;7;3;10;0;3;;
2021/10/07;44;59;9;9;11;13;24;20;8;2;5;2;0;1;2;11;2;1;;
